Station Name,Station ID,NWSLI,Station Lat,Station Lon,mllw,conversion
Red-Dog-Dock-AK,9491094,RDDA2,67.56,-164.15,1,0
Ketchikan-AK,9450460,KECA2,55.33,-131.63,1,0
St.-Michael-Norton-Sound-AK,9468132,ZZZZZ,63.48,-162.04,1,0
Clarks-Point-Nushagak-Bay-AK,9465261,ZZZZZ,58.85,-158.55,1,0
Village-Cove-AK,9464212,VCVA2,57.13,-170.29,1,0
Seldovia-AK,9455500,OVIA2,59.44,-151.72,1,0
Cordova-AK,9454050,CRVA2,60.56,-145.75,1,0
Atka-AK,9461710,ATKA2,52.23,-174.17,1,0
Unalaska-AK,9462620,UNLA2,53.95,-166.48,1,0
Alitak-AK,9457804,ALIA2,56.9,-154.25,1,0
Kotzebue-AK,9490424,ZZZZZ,66.92,-162.6,1,0
Port-Alexander-AK,9451054,PLXA2,56.41,-134.45,1,0
Yakutat-AK,9453220,YATA2,59.55,-139.74,1,0
King-Cove-AK,9459881,KGCA2,55.06,-162.33,1,0
Adak-Island-AK,9461380,ADKA2,51.86,-176.63,1,0
Nikiski-AK,9455760,NKTA2,60.68,-151.4,1,0
Cape-Romanzof-AK,ber0007,ZZZZZ,61.82,-166.08,1,0
Kwikluak-Pass-Yukon-River-AK,ber0006,ZZZZZ,62.62,-164.85,1,0
Kawanak-Pass-Ent-Yukon-R-AK,ber0005,ZZZZZ,63.05,-164.69,1,0
Apoon-Mouth-Yukon-River-AK,ber0004,ZZZZZ,63.06,-163.32,1,0
Carolyn-Is-Golovnin-Bay-AK,ber0003,ZZZZZ,64.45,-162.87,1,0
Port-Clarence-AK,ber0002,ZZZZZ,65.25,-166.57,1,0
Point-Barrow-AK,ber0001,ZZZZZ,71.37,-156.37,1,0
Apokak-Creek-Ent-AK,9466079,ZZZZZ,60.14,-162.16,1,0
St-Lrnce-Niyrakpak-Lagn-Ent-AK,ber0008,ZZZZZ,63.62,-171.38,1,0
Elfin-Cove-AK,9452634,ELFA2,58.19,-136.34,1,0
Valdez-AK,9454240,VDZA2,61,-146.76,1,0
Skagway-AK,9452400,SKTA2,59.45,-135.33,1,0
Seward-AK,9455090,SWLA2,60.12,-149.43,1,0
Kodiak-Island-AK,9457292,KDAA2,57.73,-152.51,1,0
Naknek-River-Ent-#13-AK,ber0014,ZZZZZ,58.71,-157.23,1,0
Egegik-River-Ent-AK,ber0015,ZZZZZ,58.21,-157.62,1,0
Port-Heiden-AK,ber0016,ZZZZZ,56.93,-158.73,1,0
Popokamute-AK,ber0010,ZZZZZ,60.07,-162.25,1,0
Kuskokwak-Creek-Ent-AK,ber0011,ZZZZZ,60.03,-162.17,1,0
Eek-Channel-off-Quinhagak-AK,ber0012,ZZZZZ,59.75,-162.25,1,0
Goodnews-Bay-Ent-AK,ber0013,ZZZZZ,59.05,-161.82,1,0
Port-Moller-AK,9463502,PMOA2,55.96,-160.61,1,0
Sitka-AK,9451600,ITKA2,56.9,-135.7,1,0
Prudhoe-Bay-AK,9497645,PRDA2,70.41,-148.53,1,0
Nikolski-AK,9462450,OLSA2,52.95,-168.9,1,0
Anchorage-AK,9455920,ANTA2,61.24,-149.89,1,0
Juneau-AK,9452210,JNEA2,58.3,-134.41,1,0
Nome-Norton-Sound-AK,9468756,NMTA2,64.5,-165.43,1,0
Sand-Point-AK,9459450,SNDA2,55.34,-160.5,1,0
Kivalina-AK,9491253,ZZZZZ,67.73,-164.59,1,0
Shishmaref-Inlet-2-AK,9469854,ZZZZZ,66.26,-166.02,1,0
Shaktoolik-AK,9468691,ZZZZZ,64.38,-161.24,1,0
Unalakleet-AK,9468333,ULRA2,63.88,-160.79,1,0
Craig-AK,9450551,ZZZZZ,55.49,-133.14,1,0
Kaktovik-AK,9499176,ZZZZZ,70.13,-143.61,1,0
Point-Hope-AK,9491873,ZZZZZ,68.34,-166.81,1,0
Cape-Krusenstern-AK,9490571,ZZZZZ,67.05,-163.32,1,0
Cape-Espenberg-AK,9490096,ZZZZZ,66.58,-164.25,1,0
Goodhope-Bay-AK,9469833,ZZZZZ,66.23,-163.9,1,0
Deering-AK,9469751,ZZZZZ,66.1,-162.74,1,0
Wales-AK,9469515,ZZZZZ,65.73,-168.03,1,0
Tin-City-AK,9469439,ZZZZZ,65.56,-167.97,1,0
Lost-River-AK,9469338,ZZZZZ,65.39,-167.15,1,0
Point-Spencer-Point-Clarence-AK,9469237,ZZZZZ,65.26,-166.85,1,0
Savoonga-AK,9468258,ZZZZZ,63.68,-170.54,1,0
Northeast-Cape-St.-Lawrence-Island-AK,9468039,ZZZZZ,63.32,-168.97,1,0
Nunam-Iqua-AK,9467551,ZZZZZ,62.53,-164.85,1,0
Hooper-Bay-AK,9466931,ZZZZZ,61.53,-166.15,1,0
Tooksook-Bay-Nelson-Island-AK,9466298,ZZZZZ,60.52,-165.13,1,0
Mekoryuk-AK,9466217,ZZZZZ,60.42,-166.17,1,0
Eastern-Nunivak-Island-AK,9466012,ZZZZZ,60.04,-165.68,1,0
Kinak-Bay-AK,9465953,ZZZZZ,59.95,-164.21,1,0
Quinhagak-AK,9465831,ZZZZZ,59.75,-161.91,1,0
Platinum-AK,9465396,ZZZZZ,59.05,-161.82,1,0
Dillingham-AK,9465374,ZZZZZ,59.04,-158.45,1,0
Protection-Point-Nushagak-Bay-AK,9465056,ZZZZZ,58.5,-158.71,1,0
220-NM-SSE-Dutch-Harbor-AK,ep46402,ZZZZZ,51.07,-164.01,1,0
186-NM-SE-Shumagin-Island-AK,ep46403,ZZZZZ,52.65,-156.94,1,0
212-NM-S-Umnak-Island-AK,ep46408,ZZZZZ,49.63,-169.87,1,0
210-NM-SE-Kodiak-AK,ep46409,ZZZZZ,55.3,-148.5,1,0
188-NM-SSE-Cordova-AK,ep46410,ZZZZZ,57.5,-144,1,0
243-NM-SSE-Adak-Island-AK,ep46413,ZZZZZ,48.86,-175.6,1,0
170-NM-SSE-Amchitka-AK,ep21414,ZZZZZ,48.95,-181.74,1,0
Togiak-Ak,ber0017,ZZZZZ,58.71,-160.19,1,0
Kipnuk-Ak,ber0018,ZZZZZ,59.95,-164.21,1,0
Port-Heiden-AK,ber0019,ZZZZZ,56.93,-158.73,1,0
Gustavus-AK,goa0001,ZZZZZ,58.46,-135.88,1,0
Wrangell-AK,goa0002,ZZZZZ,56.47,-132.39,1,0
Akutan-AK,ber0020,ZZZZZ,54.13,-165.78,1,0
Cape-Lisburne-Ak,ber0021,ZZZZZ,68.88,-166.21,1,0
Cold-Bay-AK,ber0022,ZZZZZ,55.21,-162.72,1,0
Diomede-AK,ber0023,ZZZZZ,65.76,-168.95,1,0
Elim-Ak,ber0024,ZZZZZ,64.62,-162.27,1,0
False-Pass-AK,ber0025,ZZZZZ,54.85,-163.41,1,0
Kongiganak-AK,ber0026,ZZZZZ,59.96,-162.89,1,0
Koyuk-AK,ber0027,ZZZZZ,64.93,-161.16,1,0
Kwigillingok-AK,ber0028,ZZZZZ,59.88,-163.16,1,0
Nelson-Lagoon-AK,ber0029,ZZZZZ,56,-161.2,1,0
Newtok-AK,ber0030,ZZZZZ,60.94,-164.63,1,0
Oliktok-AK,ber0041,ZZZZZ,70.49,-149.88,1,0
Paimiut-AK,ber0031,ZZZZZ,61.69,-165.84,1,0
Pilot-Point-AK,ber0032,ZZZZZ,57.56,-157.57,1,0
Point-Lay-AK,ber0033,ZZZZZ,69.74,-163.01,1,0
Saint-George-AK,ber0034,ZZZZZ,56.6,-169.54,1,0
Scammon-Bay-AK,ber0035,ZZZZZ,61.84,-165.58,1,0
Solomon-AK,ber0036,ZZZZZ,64.56,-164.44,1,0
Stebbins-AK,ber0037,ZZZZZ,63.52,-162.29,1,0
Togiak-AK,ber0038,ZZZZZ,59.06,-160.38,1,0
Tununak-AK,ber0039,ZZZZZ,60.59,-165.25,1,0
Wainwright-AK,ber0040,ZZZZZ,70.64,-160.03,1,0
Chickasaw-Creek-AL,8737138,CIKA1,30.78,-88.07,1,0
Weeks-Bay-AL,8732828,WBYA1,30.42,-87.83,1,0
East-Fowl-River-Bridge-AL,8735523,EFRA1,30.44,-88.11,1,0
Mobile-State-Docks-AL,8737048,OBLA1,30.71,-88.04,1,0
Coast-Guard-Sector-Mobile-AL,8736897,MCGA1,30.65,-88.06,1,0
Bayou-La-Batre-Bridge-AL,8739803,BLBA1,30.41,-88.25,1,0
West-Fowl-River-Bridge-AL,8738043,WFRA1,30.38,-88.16,1,0
Dauphin-Island-AL,8735180,DILA1,30.25,-88.08,1,0
Dog-River-Bridge-AL,8735391,BYSA1,30.57,-88.09,1,0
Pillar-Point-Harbor-CA,9414131,ZZZZZ,37.5,-122.48,1,0
Port-San-Luis-CA,9412110,PSLC1,35.18,-120.76,1,0
Mare-Is-Naval-Shipyard-CA,9415218,ZZZZZ,38.07,-122.25,1,0
Santa-Barbara-CA,9411340,NTBC1,34.41,-119.69,1,0
San-Francisco-CA,9414290,FTPC1,37.81,-122.47,1,0
Martinez-amorco-Pier-CA,9415102,MZXC1,38.03,-122.13,1,0
Arena-Cove-CA,9416841,ANVC1,38.91,-123.71,1,0
Monterey-CA,9413450,MTYC1,36.6,-121.89,1,0
North-Spit-CA,9418767,HBYC1,40.77,-124.22,1,0
Noyo-Harbor-CA,9417426,ZZZZZ,39.42,-123.81,1,0
Point-Reyes-CA,9415020,PRYC1,38,-122.97,1,0
Richmond-CA,9414863,RCMC1,37.93,-122.4,1,0
Oakland-Inner-Harbor-CA,9414764,ZZZZZ,37.8,-122.28,1,0
Crescent-City-CA,9419750,CECC1,41.74,-124.18,1,0
Los-Angeles-CA,9410660,OHBC1,33.72,-118.27,1,0
Oil-Platform-Harvest-CA,9411406,HRVC1,34.47,-120.67,1,0
Alameda-CA,9414750,AAMC1,37.77,-122.3,1,0
Redwood-City-CA,9414523,RTYC1,37.51,-122.21,1,0
Dumbarton-Bridge-San-Fansisco-Bay-CA,9414509,ZZZZZ,37.51,-122.11,1,0
Coyote-Creek-CA,9414575,RYAC1,37.47,-122.02,1,0
San-Diego-CA,9410170,SDBC1,32.71,-117.17,1,0
La-Jolla-CA,9410230,LJAC1,32.87,-117.26,1,0
Port-Chicago-CA,9415144,PCOC1,38.06,-122.04,1,0
Santa-Monica-CA,9410840,ICAC1,34.01,-118.5,1,0
Angels-Gate-CA,9410647,ZZZZZ,33.72,-118.25,1,0
Los-Angeles-Pier-J-CA,9410665,ZZZZZ,33.73,-118.19,1,0
Los-Angeles-Pier-400-CA,9410666,ZZZZZ,33.74,-118.24,1,0
Gaviota-State-Park-Pacific-Ocean-CA,9411399,ZZZZZ,34.47,-120.23,1,0
Mansfield-Cone-CA,9412802,ZZZZZ,35.95,-121.48,1,0
Pier1-San-Francisco-CA,9414311,ZZZZZ,37.8,-122.39,1,0
Oakland-Middle-Harbor-CA,9414769,ZZZZZ,37.8,-122.33,1,0
Oakland-Berth34-San-Francisco-Bay-CA,9414776,ZZZZZ,37.81,-122.33,1,0
Point-Potrero-Richmond-CA,9414847,ZZZZZ,37.91,-122.36,1,0
Bolinas-Bolinas-Lagoon-CA,9414958,ZZZZZ,37.91,-122.68,1,0
Point-Pinole-CA,9415056,ZZZZZ,38.02,-122.36,1,0
Davis-Point-San-Pablo-Bay-CA,9415141,ZZZZZ,38.06,-122.26,1,0
Sonoma-Creek-Entrance-CA,9415338,ZZZZZ,38.16,-122.41,1,0
Green-Cove-Pacific-Ocean-CA,9416409,ZZZZZ,38.7,-123.45,1,0
Pyramid-Point-Smith-River-CA,9419945,ZZZZZ,41.95,-124.2,1,0
150-NM-W-Mendocino-Bay-CA,ep46411,ZZZZZ,39.34,-127.01,1,0
175-NM-W-San-Diego-CA,ep46412,ZZZZZ,32.25,-120.7,1,0
Shelter-Cove-CA,9418024,ZZZZZ,40.03,-124.06,1,0
Trinidad-CA,9419059,ZZZZZ,41.06,-124.15,1,0
Arcata-Warf-CA,9418851,ZZZZZ,40.85,-124.12,1,0
Bodega-Bay-CA,9415625,ZZZZZ,38.31,-123.06,1,0
Santa-Cruz-CA,9413745,ZZZZZ,36.96,-122.02,1,0
New-London-CT,8461490,NLNC3,41.35,-72.09,1,0
Bridgeport-CT,8467150,BRHC3,41.17,-73.18,1,0
New-Haven-CT,8465705,NWHC3,41.28,-72.91,1,0
Stamford-CT,8469198,STDC3,41.04,-73.53,1,0
Clinton-Harbor-CT,8463701,CLIC3,41.27,-72.53,1,0
ESSEX-CT,8462925,ESXC3,41.35,-72.38,1,0
Old-Saybrook-CT,8462752,SABC3,41.28,-72.35,1,0
Washington-DC,8594900,WASD2,38.87,-77.02,1,0
Kenilworth-Aquatic-Garden-DC,8593909,ANAD2,38.91,-76.95,1,0
Bellevue-DC,8590111,BPPD2,38.83,-77.03,1,0
Lewes-DE,8557380,LWSD1,38.78,-75.12,1,0
Delaware-City-DE,8551762,DELD1,39.58,-75.59,1,0
Reedy-Point-DE,8551910,RDYD1,39.56,-75.57,1,0
Brandywine-Shoal-Light-DE,8555889,BRND1,38.99,-75.11,1,0
Murderkill-River-ENTR-DE,8555388,BOWD1,39.06,-75.4,1,0
Willlmington-DE,8550714,WIMD1,39.72,-75.52,1,0
Indian-River-Inlet-DE,8558690,INRD1,38.61,-75.07,1,0
Saint-Petersburg-FL,8726520,SAPF1,27.76,-82.63,1,0
Virginia-Key-FL,8723214,VAKF1,25.73,-80.16,1,0
Panama-City-Beach-FL,8729210,PCBF1,30.21,-85.88,1,0
Key-West-FL,8724580,KYWF1,24.56,-81.81,1,0
Naples-FL,8725110,NPSF1,26.13,-81.81,1,0
Panama-City-FL,8729108,PACF1,30.15,-85.67,1,0
Red-Bay-Point-FL,8720503,ZZZZZ,29.98,-81.63,1,0
Apalachicola-FL,8728690,APCF1,29.73,-84.98,1,0
Clearwater-Beach-FL,8726724,CWBF1,27.98,-82.83,1,0
Port-Manatee-FL,8726384,PMAF1,27.64,-82.56,1,0
Cedar-Key-FL,8727520,CKYF1,29.14,-83.03,1,0
Old-Port-Tampa-FL,8726607,OPTF1,27.86,-82.55,1,0
Fort-Myers-FL,8725520,FMRF1,26.65,-81.87,1,0
Trident-Pier-FL,8721604,TRDF1,28.41,-80.59,1,0
Southbank-Riverwalk-FL,8720226,MSBF1,30.32,-81.66,1,0
I-295-Bridge-FL,8720357,BKBF1,30.19,-81.69,1,0
Pensacola-FL,8729840,PCLF1,30.4,-87.21,1,0
Vaca-Key-FL,8723970,VCAF1,24.71,-81.11,1,0
Port-Everglades-FL,8722956,ZZZZZ,26.08,-80.12,1,0
Lake-Worth-Pier-FL,8722670,LKWF1,26.61,-80.03,1,0
Fernandina-FL,8720030,FRDF1,30.67,-81.47,1,0
Racy-Point-FL,8720625,RCYF1,29.8,-81.55,1,0
Dames-Point-FL,8720219,DMSF1,30.39,-81.56,1,0
Mayport-(Bar-Pilots-Dock)-FL,8720218,MYPF1,30.4,-81.43,1,0
Mckay-Bay-Entrance-FL,8726667,MCYF1,27.91,-82.42,1,0
FT-Pulaski-GA,8670870,FPKG1,32.03,-80.9,1,0
Meridian-Darien-GA,8675245,MERG1,31.45,-81.37,1,0
Sapelo-Island-GA,8675365,SAQG1,31.42,-81.29,1,0
Bulk-Terminal-LA,8767961,BKTL1,30.19,-93.3,1,0
New-Canal-Station-LA,8761927,NWCL1,30.03,-90.11,1,0
Pilots-Station-East-LA,8760922,PSTL1,28.93,-89.41,1,0
Pilottown-LA,8760721,PILL1,29.18,-89.26,1,0
Berwick-LA,8764044,TESL1,29.67,-91.24,1,0
Port-Fourchon-LA,8762075,PTFL1,29.11,-90.2,1,0
Freshwater-Canal-Locks-LA,8766072,FRWL1,29.56,-92.31,1,0
Shell-Beach-LA,8761305,SHBL1,29.87,-89.67,1,0
Lawma-LA,8764227,AMRL1,29.45,-91.34,1,0
Eugene-Island-North-of-LA,8764314,EINL1,29.37,-91.38,1,0
Calcasieu-Pass-LA,8768094,CAPL1,29.77,-93.34,1,0
Grand-Isle-East-PT-LA,8761724,GISL1,29.26,-89.96,1,0
Lake-Charles-LA,8767816,LCLL1,30.22,-93.22,1,0
Nantucket-Island-MA,8449130,NTKM3,41.28,-70.1,1,0
Chatham-MA,8447435,CHTM3,41.69,-69.95,1,0
Buzzards-Bay-MA,8447270,ZZZZZ,41.74,-70.62,1,0
Woods-Hole-MA,8447930,BZBM3,41.52,-70.67,1,0
Fall-River-MA,8447386,FRVM3,41.7,-71.16,1,0
Boston-MA,8443970,BHBM3,42.35,-71.05,1,0
Sandwich-MA,8447180,ZZZZZ,41.77,-70.51,1,0
New-Bedford-Hurricane-Barrier-MA,8447712,NBDM3,41.62,-70.91,1,0
Gloucester-MA,8441841,GLCM3,42.61,-70.66,1,0
Scituate-MA,8445138,SCTM3,42.2,-70.72,1,0
Sesuit-Harbor-MA,8447241,SESM3,41.75,-70.16,1,0
Provincetown-MA,8446121,PVHM3,42.05,-70.19,1,0
Riverside-Merrimack-MA,8440889,HVRM3,42.76,-71.08,1,0
Amelia-MA,8443662,AMEM3,42.4,-71.08,1,0
Popponesset-MA,8447742,POPM3,41.6,-70.46,1,0
Wings-Neck-MA,est0038,WNGM3,41.74,-70.6,1,0
Solomons-Island-MD,8577330,SLIM2,38.32,-76.45,1,0
Cambridge-MD,8571892,CAMM2,38.57,-76.07,1,0
Chesapeake-City-MD,8573927,CHCM2,39.53,-75.81,1,0
Ocean-City-Inlet-MD,8570283,OCIM2,38.33,-75.09,1,0
Baltimore-MD,8574680,BLTM2,39.27,-76.58,1,0
Tolchester-Beach-MD,8573364,TCBM2,39.21,-76.25,1,0
Annapolis-MD,8575512,APAM2,38.98,-76.48,1,0
Bishops-Head-MD,8571421,BISM2,38.22,-76.04,1,0
Havre-de-Grace-MD,8574070,HDGM2,39.54,-76.09,1,0
Piney-Point-MD,8578240,PPTM2,38.13,-76.53,1,0
Bristol-MD,est0003,BRIM2,38.78,-76.71,1,0
Otter-Point-MD,est0004,LTQM2,39.45,-76.27,1,0
Bowleys-Quarters-MD,est0005,BQTM2,39.31,-76.39,1,0
Chesapeake-Beach-MD,8576363,CHBM2,38.7,-76.53,1,0
Point-Lookout-MD,8578002,PLKM2,38.04,-76.32,1,0
Colton-Point-MD,8578465,CPTM2,38.22,-76.75,1,0
Crisfield-MD,8571091,ZZZZZ,37.98,-75.86,1,0
Straits-Point-MD,est0037,SGSM2,38.14,-76.5,1,0
Indian-Head-MD,8579381,IHDM2,38.61,-77.19,1,0
Cove-Point-MD,8577188,COVM2,38.39,-76.4,1,0
Bladensburg-MD,8579997,BLDM2,38.93,-76.94,1,0
Benedict-MD,8579135,BDPM2,38.51,-76.67,1,0
Wells-ME,8419317,WELM1,43.32,-70.56,1,0
Portland-ME,8418150,CASM1,43.66,-70.25,1,0
Bar-Harbor-Frenchman-Bay-ME,8413320,ATGM1,44.39,-68.2,1,0
Eastport-ME,8410140,PSBM1,44.9,-66.98,1,0
Cutler-Farris-Wharf-ME,8411060,CFWM1,44.63,-67.27,1,0
Augusta-ME,est7134,ASTM1,44.32,-69.77,0,1.3
Gardiner-ME,8417134,GIRM1,44.23,-69.77,1,0
Deer-Isle-ME,est0011,DCWM1,44.28,-68.68,1,0
Castine-ME,8414672,MMAM1,44.39,-68.8,1,0
Roque-Bluffs-ME,8411696,ROQM1,44.61,-67.5,1,0
Machias-ME,est0012,MCSM1,44.72,-67.45,1,0
Milbridge-ME,8412581,MIGM1,44.54,-67.88,1,0
Calais-ME,8410834,PETM1,45.13,-67.15,1,0
Camp-Ellis-Saco-ME,8418606,CPEM1,43.46,-70.38,1,0
Bath-ME,8417227,BAHM1,43.93,-69.83,1,0
Rockland-ME,8415490,RKLM1,44.11,-69.1,1,0
Wiscasset-ME,8416921,WISM1,44,-69.67,1,0
Portland-Head-Light-ME,8418031,PTHM1,43.62,-70.21,1,0
Cape-Neddick-ME,8419399,CDDM1,43.17,-70.59,1,0
Fort-Point-ME,8414721,STKM1,44.47,-68.81,1,0
Island-ME,8419870,SEVM1,43.08,-70.74,1,0
Kennebunkport-ME,8418911,KBTM1,43.36,-70.48,1,0
Biddeford-ME,8418828,BIDM1,43.49,-70.45,1,0
Pine-Point-ME,8418445,PPTM1,43.54,-70.33,1,0
Hunniwell-point-ME,8417177,HUNM1,43.76,-69.79,1,0
Walpole-ME,8416731,WAPM1,43.94,-69.58,1,0
Thomaston-ME,8415709,THOM1,44.07,-69.18,1,0
Pulpit-Harbor-ME,8414888,PULM1,44.16,-68.89,1,0
Grand-Bay-NERR-Mississippi-Sound-MS,8740166,GBRM6,30.41,-88.4,1,0
Waveland-MS,8747437,WYCM6,30.32,-89.33,1,0
Dock-E-MS,8741041,ULAM6,30.35,-88.5,1,0
Pascagoula-Noaa-Lab-MS,8741533,PNLM6,30.37,-88.56,1,0
Wilmington-NC,8658120,WLON7,34.23,-77.95,1,0
Wrightsville-Beach-NC,8658163,JMPN7,34.21,-77.8,1,0
Beaufort-Duke-NC,8656483,BFTN7,34.72,-76.67,1,0
Oregon-Inlet-Marina-NC,8652587,ORIN7,35.8,-75.55,1,0
Cape-Hatteras-NC,8654400,ZZZZZ,35.22,-75.64,1,0
Duck-Pier-NC,8651370,DUKN7,36.18,-75.75,1,0
Morehead-City-NC,8656502,ZZZZZ,34.72,-76.73,1,0
Holden-Beach-NC,est0017,HOLN7,33.91,-78.3,1,0
Uscg-Station-Hatteras-NC,8654467,HCGN7,35.21,-75.7,1,0
Southport-NC,8659084,STHN7,33.92,-78.02,1,0
Sunset-Beach-NC,8659897,SNSN7,33.87,-78.51,1,0
Ocracoke-NC,8654792,OCAN7,35.12,-75.99,1,0
Oriental-NC,est0013,ORLN7,35.02,-76.69,1,0
Cedar-Island-NC,est0014,CTIN7,35.02,-76.31,1,0
Westover-NC,est0015,WESN7,35.92,-76.72,1,0
Columbia-NC,est0016,COLN7,35.92,-76.25,1,0
Belhaven-NC,est0018,BLHN7,35.54,-76.62,1,0
New-Bern-NC,est0019,BERN7,35.1,-77.04,1,0
Washington-NC,est0020,PAMN7,35.54,-77.06,1,0
Jacksonville-NC,est0021,JCKN7,34.75,-77.43,1,0
Wanchese-NC,8652437,WCHN7,35.85,-75.66,1,0
Rodanthe-NC,8653215,RODN7,35.6,-75.47,1,0
North-Topsail-Beach-NC,8657419,NTSN7,34.45,-77.49,1,0
South-Alligator-River-NC,est0022,ALLN7,35.65,-76.04,1,0
Swanquarter-NC,est0023,SWAN7,35.39,-76.33,1,0
Engelhard-NC,est0024,EGLN7,35.51,-75.99,1,0
Bogue-Inlet-NC,est0025,BOGN7,34.65,-77.1,1,0
Portsmouth-(Fort-Point)-NH,8423898,FTPN3,43.07,-70.71,1,0
Hampton-NH,8429489,HPMN3,42.9,-70.82,1,0
Tacony-palmyra-Bridge-NJ,8538886,TPBN4,40.01,-75.04,1,0
Ship-John-Shoal-NJ,8537121,SJSN4,39.31,-75.38,1,0
Cape-May-NJ,8536110,CMAN4,38.97,-74.96,1,0
Sandy-Hook-NJ,8531680,SDHN4,40.47,-74.01,1,0
Burlington-NJ,8539094,BDRN4,40.08,-74.87,1,0
Atlantic-City-NJ,8534720,ACYN4,39.35,-74.42,1,0
Atlantic-City-NJ,est4836,ALCN4,39.35,-74.46,1,0
Absecon-NJ,8534540,ASCN4,39.42,-74.5,1,0
ATLANTIC-CITY-MARINA-NJ,8534638,ATLN4,39.38,-74.42,1,0
Avalon-NJ,8535419,AVLN4,39.11,-74.73,1,0
Barnegat-Light-NJ,8533615,BGLN4,39.76,-74.11,1,0
Belmar-NJ,8532337,BLMN4,40.18,-74.02,1,0
Seaside-Heights-NJ,est0006,BSRN4,39.94,-74.08,1,0
Bivalve-NJ,8536889,BVVN4,39.23,-75.03,1,0
CAPE-MAY-HARBOR-NJ,8535901,CAPN4,38.95,-74.89,1,0
Greenwich-NJ,8537374,GRWN4,39.38,-75.35,1,0
KEANSBURG-NJ,8531592,KSBN4,40.45,-74.15,1,0
Manasquan-NJ,8632591,MSNN4,40.11,-74.04,1,0
Mantaloking-NJ,8532786,MTLN4,40.04,-74.05,1,0
Newark-NJ,8530743,NWKN4,40.71,-74.12,1,0
Ocean-City-NJ,8534975,ONCN4,39.25,-74.63,1,0
HACKENSACK-RIVER-NJ,8530278,HACN4,40.88,-74.04,1,0
South-Amboy-NJ,est0007,SABN4,40.49,-74.28,1,0
Sea-Bright-NJ,8531804,SBIN4,40.37,-73.97,1,0
Ship-Bottom-NJ,8533935,SBTN4,39.65,-74.19,1,0
S-Dennis-NJ,est0008,SDNN4,39.16,-74.83,1,0
Stone-Harbor-NJ,8535581,SHBN4,39.06,-74.77,1,0
Sea-Isle-City-NJ,8535221,SICN4,39.16,-74.7,1,0
Tuckerton-NJ,8534319,TKTN4,39.51,-74.33,1,0
Waretown-NJ,8533541,WATN4,39.79,-74.18,1,0
Coates-Point-NJ,8533055,BASN4,39.95,-74.11,1,0
Longport-Risely-Channel-NJ,8534836,MGTN4,39.31,-74.53,1,0
S-Amboy-Raritan-River-NJ,8531232,PABN4,40.5,-74.26,1,0
Absecon-Creek-NJ,est4540,ABSN4,39.42,-74.5,1,0
Bergen-Point-NY,8519483,BGNN6,40.64,-74.15,1,0
Montauk-Point-NY,8510560,MTKN6,41.05,-71.96,1,0
Willets-Point-NY,8516990,ZZZZZ,40.79,-73.78,1,0
The-Battery-NY,8518750,BATN6,40.7,-74.02,1,0
Port-Jefferson-NY,8514560,ZZZZZ,40.95,-73.08,1,0
Kings-Point-NY,8516945,KPTN6,40.81,-73.78,1,0
Hudson-Bay-at-Freeport-NY,8516411,FRPN6,40.63,-73.58,1,0
Great-South-Bay-at-Lindenhurst-NY,est0009,LNDN6,40.67,-73.36,1,0
Reynolds-Channel-at-Point-Lookout-NY,8516402,REYN6,40.59,-73.58,1,0
E-Rockaway-Inlet-at-Atlantic-Beach-NY,8516881,RKWN6,40.59,-73.74,1,0
Jamaica-Bay-at-Inwood-NY,8516925,IWDN6,40.62,-73.76,1,0
Rockaway-Inlet-Floyd-Bennet-Field-NY,8517394,RWYN6,40.57,-73.89,1,0
West-Pond-at-Glen-Cove-NY,8516614,WESN6,40.89,-73.64,1,0
Hudson-River-at-Piermont-NY,8518919,PMTN6,41.04,-73.9,1,0
Orient-Harbor-at-Orient-NY,8511671,ORIN6,41.14,-72.31,1,0
Peconic-River-at-Riverhead-NY,est0010,PRIN6,40.92,-72.64,1,0
Flax-Pond-at-Old-Field-NY,8514594,FLXN6,40.96,-73.14,1,0
S-Jamesport-NY,8512735,SJAN6,40.92,-72.64,1,0
Moriches-MorichesBay-NY,8513388,MOBN6,40.79,-72.75,1,0
Patchogue-River-NY,8514322,FIRN6,40.69,-72.99,1,0
Babylon-NY,8515421,INDN6,40.67,-73.36,1,0
West-Sayville-NY,est0026,SAYN6,40.72,-73.09,1,0
Great-Kills-Harbor-NY,est0027,KILN6,40.54,-74.13,1,0
Shinnecock-Bay-NY,8512451,SHIN6,40.85,-72.5,1,0
Hog-Island-Channel-NY,est0028,HOGN6,40.61,-73.66,1,0
East-Creek-Sands-Point-NY,esta614,SADN6,40.87,-73.71,1,0
Mamaroneck-Harbor-NY,8518091,RYBN6,40.96,-73.67,1,0
Mattictuck-Inlet-NY,8512668,UCKN6,41.02,-72.56,1,0
Main-Beach-E-Hampton-NY,est0029,MAIN6,40.94,-72.19,1,0
Astoria-OR,9439040,ASTO3,46.21,-123.77,1,0
Garibaldi-OR,9437540,TLBO3,45.55,-123.92,1,0
South-Beach-Yaquina-R.-OR,9435380,SBEO3,44.63,-124.04,1,0
Wauna-OR,9439099,WAUO3,46.16,-123.41,1,0
St-Helens-OR,9439201,SHNO3,45.87,-122.8,1,0
Charleston-OR,9432780,CHAO3,43.34,-124.32,1,0
Port-Orford-OR,9431647,PORO3,42.74,-124.5,1,0
Hammond-OR,9439011,ZZZZZ,46.2,-123.94,1,0
230-NM-W-Astoria-OR,ep46404,ZZZZZ,45.86,-128.78,1,0
210-NM-W-Coos-Bay-OR,ep46407,ZZZZZ,42.6,-128.9,1,0
Depoe-Bay-OR,9435827,ZZZZZ,44.81,-124.06,1,0
Waldport-OR,9434939,ZZZZZ,44.44,-124.06,1,0
Cascade-Head-OR,9436381,ZZZZZ,45.05,-124.01,1,0
Marcus-Hook-PA,8540433,MRCP1,39.81,-75.41,1,0
Philadelphia-PA,8545240,PHBP1,39.93,-75.14,1,0
Bridesburg-PA,8546252,BDSP1,39.98,-75.08,1,0
Newbold-PA,8548989,NBLP1,40.14,-74.75,1,0
Conimicut-Light-RI,8452944,CPTR1,41.72,-71.34,1,0
Newport-RI,8452660,NWPR1,41.51,-71.33,1,0
Quonset-Point-RI,8454049,QPTR1,41.59,-71.41,1,0
Providence-RI,8454000,FOXR1,41.81,-71.4,1,0
Block-Island-RI,8459681,ZZZZZ,41.16,-71.61,1,0
Watch-Hill-Point-RI,8458694,WHLR1,41.31,-71.86,1,0
Oyster-Landing-(N-Inlet-Estuary)-SC,8662245,NITS1,33.35,-79.19,1,0
Mytle-Beach-Springmaid-Pier-SC,8661070,MROS1,33.66,-78.92,1,0
Charleston-SC,8665530,CHTS1,32.78,-79.92,1,0
N-Santee-Bridge-SC,8662793,NSNS1,33.21,-79.39,0,-2.46
S-Island-Winyah-SC,8662549,WYSS1,33.25,-79.27,0,-0.66
Hagley-Waccamaw-River-SC,8661991,HAGS1,33.44,-79.18,0,-13.41
Sandy-Island-SC,8661703,WPIS1,33.51,-79.14,0,-3.63
Nixon-Crossroads-SC,8660166,NIXS1,33.85,-78.65,0,-10.6
Pee-Dee-R.-Georgetown-SC,8662931,PDGS1,33.37,-79.27,0,-9.76
McClellanville-SC,8662799,SSNS1,33.15,-79.35,1,0
Beaufort-SC,8667999,ZZZZZ,32.43,-80.67,1,0
Edisto-Beach-SC,8667425,ACFS1,32.58,-80.36,1,0
Sabine-Pass-TX,8770570,SBPT2,29.73,-93.87,1,0
Nueces-Bay-TX,8775244,NUET2,27.83,-97.48,1,0
Port-Ingleside-TX,8775283,NGLT2,27.82,-97.2,1,0
Port-Arthur-TX,8770475,PORT2,29.87,-93.93,1,0
Morgans-Point-TX,8770613,MGPT2,29.68,-94.98,1,0
Realitos-Peninsula-TX,8779280,RLIT2,26.26,-97.28,1,0
Rockport-TX,8774770,RCPT2,28.02,-97.05,1,0
Port-Aransas-TX,8775237,RTAT2,27.84,-97.07,1,0
Aransas-Aransas-Pass-TX,8775241,ANPT2,27.84,-97.04,1,0
Galveston-Pier-21-TX,8771450,GTOT2,29.31,-94.79,1,0
Texas-Point-TX,8770822,TXPT2,29.69,-93.84,1,0
Port-Aransas-TX,8775270,ZZZZZ,27.83,-97.05,1,0
South-Padre-Island-CG-Station-tx,8779748,PCGT2,26.07,-97.17,1,0
SPI-Brazos-Santiago-TX,8779749,BZST2,26.07,-97.15,1,0
Padre-Island-TX,8779750,ZZZZZ,26.07,-97.16,1,0
Uss-Lexington-TX,8775296,TAQT2,27.81,-97.39,1,0
San-Luis-Pass-TX,8771972,LUIT2,29.09,-95.11,1,0
Bob-Hall-Pier-TX,8775870,MQTT2,27.58,-97.22,1,0
Freeport-TX,8772447,FCGT2,28.93,-95.3,1,0
Manchester-TX,8770777,NCHT2,29.73,-95.27,1,0
Matagorda-City-TX,8773146,EMAT2,28.71,-95.91,1,0
Port-Lavaca-TX,8773259,VCAT2,28.64,-96.61,1,0
Port-O'Connor-TX,8773701,PCNT2,28.45,-96.4,1,0
Matagorda-Bay-Entrance-Channel-TX,8773767,MBET2,28.43,-96.33,1,0
Packery-Channel-TX,8775792,PACT2,27.63,-97.24,1,0
Aransas-Wildlife-Refuge-TX,8774230,AWRT2,28.23,-96.8,1,0
Lynchburg-Landing-TX,8770733,ZZZZZ,29.77,-95.08,1,0
Sargent-TX,8772985,SGNT2,28.77,-95.62,1,0
Seadrift-TX,8773037,SDRT2,28.41,-96.71,1,0
Eagle-Point-TX,8771013,EPTT2,29.48,-94.92,1,0
Rainbow-Bridge-TX,8770520,RBBT2,29.98,-93.88,1,0
High-Island-TX,8770808,HIST2,29.59,-94.39,1,0
Port-Isabel-TX,8779770,PTIT2,26.06,-97.22,1,0
Galveston-Bay-Entrance-TX,8771341,GNJT2,29.36,-94.72,1,0
Galveston-Pleasure-Pier-TX,8771510,ZZZZZ,29.29,-94.79,1,0
Galveston-Railroad-Bridge-TX,8771486,GRRT2,29.3,-94.9,1,0
Rollover-Pass-TX,8770971,RLOT2,29.52,-94.51,1,0
Copano-Bay-TX,8774513,CPNT2,28.12,-97.02,1,0
Windmill-Point-VA,8636580,WNDV2,37.62,-76.29,1,0
Sewells-Point-VA,8638610,SWPV2,36.95,-76.33,1,0
Portsmouth-(Money-Point)-VA,8639348,MNPV2,36.82,-76.29,1,0
Colonial-Beach-VA,8635150,ZZZZZ,38.25,-76.96,1,0
Yorktown-USCG-VA,8637689,YKTV2,37.25,-76.5,1,0
Kiptopeke-Beach-VA,8632200,KPTV2,37.17,-75.99,1,0
Chesapeake-Bay-Br-Tunnel-VA,8638863,CBBV2,36.97,-76.11,1,0
CBBT-Chesapeake-Channel-VA,8638901,CHBV2,37.03,-76.08,1,0
Lewisetta-VA,8635750,LWTV2,37.99,-76.47,1,0
Wachapreague-VA,8631044,WAHV2,37.61,-75.69,1,0
Alexandria-VA,8634214,AXTV2,38.81,-77.04,1,0
Dahlgren-VA,8635027,NCDV2,38.32,-77.04,1,0
Aquia-Creek-VA,8634858,AQCV2,38.42,-77.35,1,0
Quantico-VA,8634689,QTGV2,38.52,-77.29,1,0
Old-Point-Comfort-VA,8638288,FTMV2,37,-76.31,0,1.7
Western-Branch-VA,8638339,ELZV2,36.82,-76.4,0,1.78
Jamestown-VA,8637712,JSFV2,37.22,-76.79,1,0
Browns-Bay-VA,8637444,MJBV2,37.32,-76.43,1,0
Saxis-Starling-Creek-VA,8633777,SAXV2,37.92,-75.73,0,1.5
Gaskins-PT-VA,8632869,NSWV2,37.48,-75.94,0,1.3
Holidays-Points-VA,8638409,NMDV2,36.84,-76.55,0,1.9
Wallops-Island-VA,8630440,CHIV2,37.9,-75.41,1,0
Rappahannock-Light-VA,8632837,RPLV2,37.54,-76.02,1,0
Coles-Neck-VA,8635485,CPMV2,38.14,-76.61,1,0
Anheuser-Busch-VA,est0032,CCHV2,37.29,-75.92,1,0
Poquoson-VA,est0033,BKNV2,37.11,-76.39,0,1.67
Hampton-VA,est0034,HMNV2,37.03,-76.34,0,1.7
Lynnhaven-Inlet-VA,est0035,LHNV2,36.91,-76.09,0,1.7
Mount-Vernon-VA,8579629,MVRV2,38.71,-77.06,1,0
Leesylvania-Park-VA,est0036,LSPV2,38.59,-77.25,1,0
Tangier-Island-VA,8633532,TANV2,37.83,-75.99,1,0
Friday-Harbor-WA,9449880,FRDW1,48.55,-123.01,1,0
Vancouver-WA,9440083,VAPW1,45.63,-122.7,1,0
Cape-Disappointment-WA,9440581,CPTW1,46.28,-124.05,1,0
Toke-Point-WA,9440910,TOKW1,46.71,-123.97,1,0
Westport-WA,9441102,WPTW1,46.9,-124.11,1,0
Neah-Bay-WA,9443090,NEAW1,48.37,-124.62,1,0
Seattle-WA,9447130,EBSW1,47.6,-122.34,1,0
Skamokawa-WA,9440569,SKAW1,46.27,-123.45,1,0
Port-Angeles-WA,9444090,PTAW1,48.13,-123.44,1,0
Cherry-Point-WA,9449424,CHYW1,48.86,-122.76,1,0
Longview-WA,9440422,LOPW1,46.1,-122.95,1,0
Tacoma-WA,9446484,TCNW1,47.27,-122.41,1,0
Port-Townsend-WA,9444900,PTWW1,48.11,-122.75,1,0
La-Push-WA,9442396,LAPW1,47.91,-124.64,1,0
Yoman-Point-Anderson-Island-WA,9446705,ZZZZZ,47.18,-122.68,1,0
Jetty-A-Columbia-River-WA,9440572,ZZZZZ,46.27,-124.07,1,0
Armitage-Island-WA,9449932,ZZZZZ,48.53,-122.8,1,0
Rosario-WA,9449711,ZZZZZ,48.65,-122.87,1,0
Swinomish-WA,9448682,ZZZZZ,48.46,-122.51,1,0
Telegraph-Bay-WA,9449988,ZZZZZ,48.44,-122.81,1,0
Kanaka-Bay-San-Juan-Island-WA,9449856,ZZZZZ,48.48,-123.08,1,0
Waldron-Island-WA,9449746,ZZZZZ,48.69,-123.04,1,0
Green-Bank-WA,9447883,ZZZZZ,48.1,-122.57,1,0
Point-Roberts-WA,9449639,ZZZZZ,48.98,-123.08,1,0
Tahola-WA,9441644,ZZZZZ,47.35,-124.29,1,0
Upright-Head-WA,9449911,ZZZZZ,48.57,-122.89,1,0
Wauna-WA,9446291,ZZZZZ,47.38,-122.63,1,0
Shilshole-Bay-GPS-Buoy-WA,9447214,ZZZZZ,47.67,-122.42,1,0
300-NM-WNW-Seattle-WA,ep46419,ZZZZZ,48.76,-129.62,1,0
